{
    "keyboard_name": "YMDK Air40",
    "manufacturer": "YMDK",
    "url": "",
    "maintainer": "qmk",
    "usb": {
        "vid": "0x45D4",
        "pid": "0x0911",
        "device_version": "0.0.1"
    },
    "layouts": {
        "LAYOUT_ortho_4x12": {
            "layout": [
                {"label":"K00 (D0,F1)", "x":0, "y":0},
                {"label":"K01 (D0,F0)", "x":1, "y":0},
                {"label":"K02 (D0,B0)", "x":2, "y":0},
                {"label":"K03 (D0,C7)", "x":3, "y":0},
                {"label":"K04 (D0,F4)", "x":4, "y":0},
                {"label":"K05 (D0,F5)", "x":5, "y":0},
                {"label":"K06 (D0,F6)", "x":6, "y":0},
                {"label":"K07 (D0,F7)", "x":7, "y":0},
                {"label":"K08 (D0,D4)", "x":8, "y":0},
                {"label":"K09 (D0,D6)", "x":9, "y":0},
                {"label":"K0A (D0,B4)", "x":10, "y":0},
                {"label":"K0B (D0,D7)", "x":11, "y":0},

                {"label":"K10 (B3,F1)", "x":0, "y":1},
                {"label":"K11 (B3,F0)", "x":1, "y":1},
                {"label":"K12 (B3,B0)", "x":2, "y":1},
                {"label":"K13 (B3,C7)", "x":3, "y":1},
                {"label":"K14 (B3,F4)", "x":4, "y":1},
                {"label":"K15 (B3,F5)", "x":5, "y":1},
                {"label":"K16 (B3,F6)", "x":6, "y":1},
                {"label":"K17 (B3,F7)", "x":7, "y":1},
                {"label":"K18 (B3,D4)", "x":8, "y":1},
                {"label":"K19 (B3,D6)", "x":9, "y":1},
                {"label":"K1A (B3,B4)", "x":10, "y":1},
                {"label":"K1B (B3,D7)", "x":11, "y":1},

                {"label":"K20 (B2,F1)", "x":0, "y":2},
                {"label":"K21 (B2,F0)", "x":1, "y":2},
                {"label":"K22 (B2,B0)", "x":2, "y":2},
                {"label":"K23 (B2,C7)", "x":3, "y":2},
                {"label":"K24 (B2,F4)", "x":4, "y":2},
                {"label":"K25 (B2,F5)", "x":5, "y":2},
                {"label":"K26 (B2,F6)", "x":6, "y":2},
                {"label":"K27 (B2,F7)", "x":7, "y":2},
                {"label":"K28 (B2,D4)", "x":8, "y":2},
                {"label":"K29 (B2,D6)", "x":9, "y":2},
                {"label":"K2A (B2,B4)", "x":10, "y":2},
                {"label":"K2B (B2,D7)", "x":11, "y":2},

                {"label":"K30 (B1,F1)", "x":0, "y":3},
                {"label":"K31 (B1,F0)", "x":1, "y":3},
                {"label":"K32 (B1,B0)", "x":2, "y":3},
                {"label":"K33 (B1,C7)", "x":3, "y":3},
                {"label":"K34 (B1,F4)", "x":4, "y":3},
                {"label":"K35 (B1,F5)", "x":5, "y":3},
                {"label":"K36 (B1,F6)", "x":6, "y":3},
                {"label":"K37 (B1,F7)", "x":7, "y":3},
                {"label":"K38 (B1,D4)", "x":8, "y":3},
                {"label":"K39 (B1,D6)", "x":9, "y":3},
                {"label":"K3A (B1,B4)", "x":10, "y":3},
                {"label":"K3B (B1,D7)", "x":11, "y":3}
            ]
        },
        "LAYOUT_ortho_4x12_2x2u": {
            "layout": [
                {"label":"K00 (D0,F1)", "x":0, "y":0},
                {"label":"K01 (D0,F0)", "x":1, "y":0},
                {"label":"K02 (D0,B0)", "x":2, "y":0},
                {"label":"K03 (D0,C7)", "x":3, "y":0},
                {"label":"K04 (D0,F4)", "x":4, "y":0},
                {"label":"K05 (D0,F5)", "x":5, "y":0},
                {"label":"K06 (D0,F6)", "x":6, "y":0},
                {"label":"K07 (D0,F7)", "x":7, "y":0},
                {"label":"K08 (D0,D4)", "x":8, "y":0},
                {"label":"K09 (D0,D6)", "x":9, "y":0},
                {"label":"K0A (D0,B4)", "x":10, "y":0},
                {"label":"K0B (D0,D7)", "x":11, "y":0},

                {"label":"K10 (B3,F1)", "x":0, "y":1},
                {"label":"K11 (B3,F0)", "x":1, "y":1},
                {"label":"K12 (B3,B0)", "x":2, "y":1},
                {"label":"K13 (B3,C7)", "x":3, "y":1},
                {"label":"K14 (B3,F4)", "x":4, "y":1},
                {"label":"K15 (B3,F5)", "x":5, "y":1},
                {"label":"K16 (B3,F6)", "x":6, "y":1},
                {"label":"K17 (B3,F7)", "x":7, "y":1},
                {"label":"K18 (B3,D4)", "x":8, "y":1},
                {"label":"K19 (B3,D6)", "x":9, "y":1},
                {"label":"K1A (B3,B4)", "x":10, "y":1},
                {"label":"K1B (B3,D7)", "x":11, "y":1},

                {"label":"K20 (B2,F1)", "x":0, "y":2},
                {"label":"K21 (B2,F0)", "x":1, "y":2},
                {"label":"K22 (B2,B0)", "x":2, "y":2},
                {"label":"K23 (B2,C7)", "x":3, "y":2},
                {"label":"K24 (B2,F4)", "x":4, "y":2},
                {"label":"K25 (B2,F5)", "x":5, "y":2},
                {"label":"K26 (B2,F6)", "x":6, "y":2},
                {"label":"K27 (B2,F7)", "x":7, "y":2},
                {"label":"K28 (B2,D4)", "x":8, "y":2},
                {"label":"K29 (B2,D6)", "x":9, "y":2},
                {"label":"K2A (B2,B4)", "x":10, "y":2},
                {"label":"K2B (B2,D7)", "x":11, "y":2},

                {"label":"K30 (B1,F1)", "x":0, "y":3},
                {"label":"K31 (B1,F0)", "x":1, "y":3},
                {"label":"K32 (B1,B0)", "x":2, "y":3},
                {"label":"K33 (B1,C7)", "x":3, "y":3},
                {"label":"K34 (B1,F4)", "x":4, "y":3, "w":2},
                {"label":"K37 (B1,F7)", "x":6, "y":3, "w":2},
                {"label":"K38 (B1,D4)", "x":8, "y":3},
                {"label":"K39 (B1,D6)", "x":9, "y":3},
                {"label":"K3A (B1,B4)", "x":10, "y":3},
                {"label":"K3B (B1,D7)", "x":11, "y":3}
            ]
        },
        "LAYOUT_ortho_4x12_1x2uR": {
            "layout": [
                {"label":"K00 (D0,F1)", "x":0, "y":0},
                {"label":"K01 (D0,F0)", "x":1, "y":0},
                {"label":"K02 (D0,B0)", "x":2, "y":0},
                {"label":"K03 (D0,C7)", "x":3, "y":0},
                {"label":"K04 (D0,F4)", "x":4, "y":0},
                {"label":"K05 (D0,F5)", "x":5, "y":0},
                {"label":"K06 (D0,F6)", "x":6, "y":0},
                {"label":"K07 (D0,F7)", "x":7, "y":0},
                {"label":"K08 (D0,D4)", "x":8, "y":0},
                {"label":"K09 (D0,D6)", "x":9, "y":0},
                {"label":"K0A (D0,B4)", "x":10, "y":0},
                {"label":"K0B (D0,D7)", "x":11, "y":0},

                {"label":"K10 (B3,F1)", "x":0, "y":1},
                {"label":"K11 (B3,F0)", "x":1, "y":1},
                {"label":"K12 (B3,B0)", "x":2, "y":1},
                {"label":"K13 (B3,C7)", "x":3, "y":1},
                {"label":"K14 (B3,F4)", "x":4, "y":1},
                {"label":"K15 (B3,F5)", "x":5, "y":1},
                {"label":"K16 (B3,F6)", "x":6, "y":1},
                {"label":"K17 (B3,F7)", "x":7, "y":1},
                {"label":"K18 (B3,D4)", "x":8, "y":1},
                {"label":"K19 (B3,D6)", "x":9, "y":1},
                {"label":"K1A (B3,B4)", "x":10, "y":1},
                {"label":"K1B (B3,D7)", "x":11, "y":1},

                {"label":"K20 (B2,F1)", "x":0, "y":2},
                {"label":"K21 (B2,F0)", "x":1, "y":2},
                {"label":"K22 (B2,B0)", "x":2, "y":2},
                {"label":"K23 (B2,C7)", "x":3, "y":2},
                {"label":"K24 (B2,F4)", "x":4, "y":2},
                {"label":"K25 (B2,F5)", "x":5, "y":2},
                {"label":"K26 (B2,F6)", "x":6, "y":2},
                {"label":"K27 (B2,F7)", "x":7, "y":2},
                {"label":"K28 (B2,D4)", "x":8, "y":2},
                {"label":"K29 (B2,D6)", "x":9, "y":2},
                {"label":"K2A (B2,B4)", "x":10, "y":2},
                {"label":"K2B (B2,D7)", "x":11, "y":2},

                {"label":"K30 (B1,F1)", "x":0, "y":3},
                {"label":"K31 (B1,F0)", "x":1, "y":3},
                {"label":"K32 (B1,B0)", "x":2, "y":3},
                {"label":"K33 (B1,C7)", "x":3, "y":3},
                {"label":"K34 (B1,F4)", "x":4, "y":3},
                {"label":"K35 (B1,F5)", "x":5, "y":3},
                {"label":"K37 (B1,F7)", "x":6, "y":3, "w":2},
                {"label":"K38 (B1,D4)", "x":8, "y":3},
                {"label":"K39 (B1,D6)", "x":9, "y":3},
                {"label":"K3A (B1,B4)", "x":10, "y":3},
                {"label":"K3B (B1,D7)", "x":11, "y":3}
            ]
        },
        "LAYOUT_ortho_4x12_1x2uL": {
            "layout": [
                {"label":"K00 (D0,F1)", "x":0, "y":0},
                {"label":"K01 (D0,F0)", "x":1, "y":0},
                {"label":"K02 (D0,B0)", "x":2, "y":0},
                {"label":"K03 (D0,C7)", "x":3, "y":0},
                {"label":"K04 (D0,F4)", "x":4, "y":0},
                {"label":"K05 (D0,F5)", "x":5, "y":0},
                {"label":"K06 (D0,F6)", "x":6, "y":0},
                {"label":"K07 (D0,F7)", "x":7, "y":0},
                {"label":"K08 (D0,D4)", "x":8, "y":0},
                {"label":"K09 (D0,D6)", "x":9, "y":0},
                {"label":"K0A (D0,B4)", "x":10, "y":0},
                {"label":"K0B (D0,D7)", "x":11, "y":0},

                {"label":"K10 (B3,F1)", "x":0, "y":1},
                {"label":"K11 (B3,F0)", "x":1, "y":1},
                {"label":"K12 (B3,B0)", "x":2, "y":1},
                {"label":"K13 (B3,C7)", "x":3, "y":1},
                {"label":"K14 (B3,F4)", "x":4, "y":1},
                {"label":"K15 (B3,F5)", "x":5, "y":1},
                {"label":"K16 (B3,F6)", "x":6, "y":1},
                {"label":"K17 (B3,F7)", "x":7, "y":1},
                {"label":"K18 (B3,D4)", "x":8, "y":1},
                {"label":"K19 (B3,D6)", "x":9, "y":1},
                {"label":"K1A (B3,B4)", "x":10, "y":1},
                {"label":"K1B (B3,D7)", "x":11, "y":1},

                {"label":"K20 (B2,F1)", "x":0, "y":2},
                {"label":"K21 (B2,F0)", "x":1, "y":2},
                {"label":"K22 (B2,B0)", "x":2, "y":2},
                {"label":"K23 (B2,C7)", "x":3, "y":2},
                {"label":"K24 (B2,F4)", "x":4, "y":2},
                {"label":"K25 (B2,F5)", "x":5, "y":2},
                {"label":"K26 (B2,F6)", "x":6, "y":2},
                {"label":"K27 (B2,F7)", "x":7, "y":2},
                {"label":"K28 (B2,D4)", "x":8, "y":2},
                {"label":"K29 (B2,D6)", "x":9, "y":2},
                {"label":"K2A (B2,B4)", "x":10, "y":2},
                {"label":"K2B (B2,D7)", "x":11, "y":2},

                {"label":"K30 (B1,F1)", "x":0, "y":3},
                {"label":"K31 (B1,F0)", "x":1, "y":3},
                {"label":"K32 (B1,B0)", "x":2, "y":3},
                {"label":"K33 (B1,C7)", "x":3, "y":3},
                {"label":"K34 (B1,F4)", "x":4, "y":3, "w":2},
                {"label":"K36 (B1,F6)", "x":6, "y":3},
                {"label":"K37 (B1,F7)", "x":7, "y":3},
                {"label":"K38 (B1,D4)", "x":8, "y":3},
                {"label":"K39 (B1,D6)", "x":9, "y":3},
                {"label":"K3A (B1,B4)", "x":10, "y":3},
                {"label":"K3B (B1,D7)", "x":11, "y":3}
            ]
        },
        "LAYOUT_ortho_4x12_1x2uC": {
            "layout": [
                {"label":"K00 (D0,F1)", "x":0, "y":0},
                {"label":"K01 (D0,F0)", "x":1, "y":0},
                {"label":"K02 (D0,B0)", "x":2, "y":0},
                {"label":"K03 (D0,C7)", "x":3, "y":0},
                {"label":"K04 (D0,F4)", "x":4, "y":0},
                {"label":"K05 (D0,F5)", "x":5, "y":0},
                {"label":"K06 (D0,F6)", "x":6, "y":0},
                {"label":"K07 (D0,F7)", "x":7, "y":0},
                {"label":"K08 (D0,D4)", "x":8, "y":0},
                {"label":"K09 (D0,D6)", "x":9, "y":0},
                {"label":"K0A (D0,B4)", "x":10, "y":0},
                {"label":"K0B (D0,D7)", "x":11, "y":0},

                {"label":"K10 (B3,F1)", "x":0, "y":1},
                {"label":"K11 (B3,F0)", "x":1, "y":1},
                {"label":"K12 (B3,B0)", "x":2, "y":1},
                {"label":"K13 (B3,C7)", "x":3, "y":1},
                {"label":"K14 (B3,F4)", "x":4, "y":1},
                {"label":"K15 (B3,F5)", "x":5, "y":1},
                {"label":"K16 (B3,F6)", "x":6, "y":1},
                {"label":"K17 (B3,F7)", "x":7, "y":1},
                {"label":"K18 (B3,D4)", "x":8, "y":1},
                {"label":"K19 (B3,D6)", "x":9, "y":1},
                {"label":"K1A (B3,B4)", "x":10, "y":1},
                {"label":"K1B (B3,D7)", "x":11, "y":1},

                {"label":"K20 (B2,F1)", "x":0, "y":2},
                {"label":"K21 (B2,F0)", "x":1, "y":2},
                {"label":"K22 (B2,B0)", "x":2, "y":2},
                {"label":"K23 (B2,C7)", "x":3, "y":2},
                {"label":"K24 (B2,F4)", "x":4, "y":2},
                {"label":"K25 (B2,F5)", "x":5, "y":2},
                {"label":"K26 (B2,F6)", "x":6, "y":2},
                {"label":"K27 (B2,F7)", "x":7, "y":2},
                {"label":"K28 (B2,D4)", "x":8, "y":2},
                {"label":"K29 (B2,D6)", "x":9, "y":2},
                {"label":"K2A (B2,B4)", "x":10, "y":2},
                {"label":"K2B (B2,D7)", "x":11, "y":2},

                {"label":"K30 (B1,F1)", "x":0, "y":3},
                {"label":"K31 (B1,F0)", "x":1, "y":3},
                {"label":"K32 (B1,B0)", "x":2, "y":3},
                {"label":"K33 (B1,C7)", "x":3, "y":3},
                {"label":"K34 (B1,F4)", "x":4, "y":3},
                {"label":"K35 (B1,F5)", "x":5, "y":3, "w":2},
                {"label":"K37 (B1,F7)", "x":7, "y":3},
                {"label":"K38 (B1,D4)", "x":8, "y":3},
                {"label":"K39 (B1,D6)", "x":9, "y":3},
                {"label":"K3A (B1,B4)", "x":10, "y":3},
                {"label":"K3B (B1,D7)", "x":11, "y":3}
            ]
        }

    }
}
